<?xml version="1.0" encoding="UTF-8"?>
<lom xmlns="http://www.imsglobal.org/xsd/imsmd_rootv1p2p1"
  xmlns:xsi="http://www.w3.org/2001/XMLSchema-instance"
  xmlns:ext="ila_mdextensions"
  xsi:schemaLocation="http://www.imsglobal.org/xsd/imsmd_rootv1p2p1 imsmd_rootv1p2p1.xsd">
  <general>
    <title>
      <langstring> 自信沟通 </langstring>
    </title>
    <catalogentry>
      <catalog>mycourse</catalog>
      <entry>
        <langstring>2011-09-13</langstring>
      </entry>
    </catalogentry>
    <language>zh-cn</language>
    <description>
      <langstring> 了解如何沟通才能建立信心 </langstring>
    </description>
    <keyword>
      <langstring> 自信 </langstring>
    </keyword>
  </general>
  <lifecycle>
    <version>
      <langstring>1.1</langstring>
    </version>
    <status>
      <source>
        <langstring xml:lang="x-none">LOMv1.0</langstring>
      </source>
      <value>
        <langstring xml:lang="x-none">Final</langstring>
      </value>
    </status>
    <contribute>
      <role>
        <source>
          <langstring xml:lang="x-none">LOMv1.0</langstring>
        </source>
        <value>
          <langstring xml:lang="x-none">Author</langstring>
        </value>
      </role>
      <centity>
        <vcard>BEGIN:vCard ORG:ADL Co-Lab END:vCard</vcard>
      </centity>
      <date>
        <datetime>2011-09-13</datetime>
      </date>
    </contribute>
  </lifecycle>
  <metametadata>
    <metadatascheme>ADL SCORM 1.2</metadatascheme>
    <language>zh-cn</language>
  </metametadata>
  <technical>
    <format>text/html</format>
    <size>200000</size>
    <location type="URI">sco6.htm</location>
    <requirement>
      <type>
        <source>
          <langstring xml:lang="x-none">LOMv1.0</langstring>
        </source>
        <value>
          <langstring xml:lang="x-none">Browser</langstring>
        </value>
      </type>
      <name>
        <source>
          <langstring xml:lang="x-none">LOMv1.0</langstring>
        </source>
        <value>
          <langstring xml:lang="x-none">Microsoft Internet Explorer</langstring>
        </value>
      </name>
      <minimumversion>8.0</minimumversion>
    </requirement>
    <duration>
      <datetime>00:02:56</datetime>
    </duration>
  </technical>
  <educational>
    <learningresourcetype>
      <source>
        <langstring xml:lang="x-none">LOMv1.0</langstring>
      </source>
      <value>
        <langstring xml:lang="x-none">Index</langstring>
      </value>
    </learningresourcetype>
    <typicallearningtime>
      <datetime>00:02:56</datetime>
    </typicallearningtime>
  </educational>
  <rights>
    <cost>
      <source>
        <langstring xml:lang="x-none">LOMv1.0</langstring>
      </source>
      <value>
        <langstring xml:lang="x-none">no</langstring>
      </value>
    </cost>
    <copyrightandotherrestrictions>
      <source>
        <langstring xml:lang="x-none">LOMv1.0</langstring>
      </source>
      <value>
        <langstring xml:lang="x-none">no</langstring>
      </value>
    </copyrightandotherrestrictions>
    <description>
      <langstring>mycourse</langstring>
    </description>
  </rights>
  <classification>
    <purpose>
      <source>
        <langstring xml:lang="x-none">LOMv1.0</langstring>
      </source>
      <value>
        <langstring xml:lang="x-none">Educational Objective</langstring>
      </value>
    </purpose>
    <description>
      <langstring>mycourse</langstring>
    </description>
    <keyword>
      <langstring>course</langstring>
    </keyword>
  </classification>
</lom>

