﻿<?xml version="1.0" encoding="UTF-8"?>
<root>
<titre>Fin du Moyen Age</titre>
<sous_titre>Unifier les peuples d'Europe contre les pouvoirs monarchiques</sous_titre>
<consigne><![CDATA[<b>Cliquez sur les dates pour faire apparaitre les évênements </b>]]></consigne>
<texte num="1"><![CDATA[<b>Dante Alighieri</b><br/>(1265-1321) ]]></texte>
<texte num="4"><![CDATA[<b>Dante Alighieri</b> (1265-1321) :<br/>poête, homme politique et écivain florentin ]]></texte>
<texte num="5"><![CDATA[Il souhaite la "paix universelle" entre<br/>les peuples européen.]]></texte>

<texte num="2"><![CDATA[<b>Georges de Podebrady</b><br/>(1420-1471) ]]></texte>
<texte num="6"><![CDATA[<b>Georges de Podebrady</b> (1420-1471) :<br/>Roi de Bohème ]]></texte>
<texte num="7"><![CDATA[Il envoie en 1464 ses ambassadeurs dans<br/>toute l'Europe pour proposer à  la chrétienté<br/>une alliance permanente sous la forme d'un<br/>traité instaurant une "Confédération des rois<br/>et princes chrétiens" dotée d'une assemblée<br/>permanente et d'une cour internationale de<br/>justice. ]]></texte>


<texte num="3"><![CDATA[<b>Johannes Althusius</b><br/>(1557-1638) ]]></texte>
<texte num="8"><![CDATA[<b>Johannes Althusius</b> (1557-1638) :<br/>juriste allemand ]]></texte>
<texte num="9"><![CDATA[C'est à partir du XVIême siêcle que les<br/>premiers penseurs d'une construction<br/>européenne développent vraiment leur idée,<br/>considérés le plus souvent comme utopique à <br/>cette époque. Ainsi le premier penseur du<br/>fédéralisme est le juriste allemand Johannes Althusius. En 1603 il théorise le principe de la "subsidiarité".]]></texte>
</root>