﻿<?xml version="1.0" encoding="UTF-8"?>
<root>
<titre>1. Les premiers fondements</titre>
<sous_titre>L’Empire romain</sous_titre>
<texte num="1"><![CDATA[L’Empire romain et sa <b>Pax Romana</b> ont aussi permis l’essor, le développement et la consolidation d’une culture constituant le socle de la<font color="#4da8ba"> « civilisation européenne »</font>.</br><br/>Toutefois, la constitution de l’Empire romain permet une première ébauche d’unité<font color="#4da8ba"> « européenne » </font>obtenue par la force.<br/>L’établissement d’Empires (comme celui de <font color="#4da8ba"><b>Charlemagne</b></font>, sacré Empereur <font color="#f29400"><b>en l’an 800</b></font> ou de <font color="#4da8ba"><b>Charles Quint</b></font>, élu Empereur germanique du Saint Empire romain germanique en <font color="#f29400"><b>1519</b></font>) marquent aussi les efforts de réunification de l’Europe sous une seule couronne.]]></texte>
</root>