﻿<?xml version="1.0" encoding="UTF-8"?>
<root>
<titre>1. Les premiers fondements</titre>
<sous_titre>Grèce – antiquité</sous_titre>
<texte num="1"><![CDATA[<font color="#000000"><font color="#4da8ba"><b>Nom de « l’Europe » :</b></font> cité pour la 1ère fois au <font color="#f29400"><b>8ème siècle avant notre ère</b></font> par <font color="#4da8ba"><b>Hésiode</b></font> (connotation géographique plutôt vague) et par <font color="#4da8ba"><b>Hérodote</b></font>, le père des historiens, qui a illustré son propos avec le mythe suivant.]]></texte>
<texte num="2"><![CDATA[</b>Ecoutez l'histoire <br/><font color="#4da8ba">d'Europe, Déesse qrecque</b></font>]]></texte>
<texte num="3"><![CDATA[<b>Cliquez sur les écouteurs pour <br>entendre la rubrique</b>]]></texte>
<popupinfo>A1_chap1_activite1_s1_popup</popupinfo>
</root>