﻿<?xml version="1.0" encoding="UTF-8"?>
<root>
<intro>
<texte num="1"><![CDATA[L’Europe jusqu’en 1945 est le premier chapitre du module A1- Histoire et civilisation.]]></texte>
<texte num="2"><![CDATA[Vous découvrirez à travers ce chapitre que l’idée d’une unification politique des pays du continent européen apparaît très tôt dans l’histoire européenne.]]></texte>
<texte num="3"><![CDATA[Mais l’Europe, telle qu’on la connait (Conseil de l’Europe, Union européenne) émerge après la 2ème guerre mondiale.]]></texte>
<texte num="4"><![CDATA[Pour commencer, selectionner un thème dans  le menu à droite de l'écran.]]></texte>
</intro>
<conclusion>
<texte num="1"><![CDATA[Vous pouvez quitter, à bientôt !]]></texte>
<texte num="2"><![CDATA[Vous pouvez quitter, pour suivre un autre module, rendez-vous sur la plateforme  de formation.]]></texte>
<texte num="3"><![CDATA[Vous pouvez quitter le module !]]></texte>
<texte num="4"><![CDATA[Voulez-vous quitter ?]]></texte>
<texte num="5"><![CDATA[Vous avez acquis de nombreuses connaissances. Vous pouvez maintenant quitter le module.]]></texte>
<texte num="6"><![CDATA[Cliquez sur quitter  pour retourner sur la plateforme.]]></texte>
<texte num="7"><![CDATA[Vous avez suivi toutes les étapes de votre module, vous pouvez quitter et retourner sur la plateforme de formation.]]></texte>
<texte num="8"><![CDATA[Selectionner un thème.]]></texte>
</conclusion>
</root>