<?xml version="1.0" encoding="UTF-8"?>
<root>
<titre>La création de l'Union Européenne</titre>
<texte_fermer><![CDATA[<b>Fermer</b>]]></texte_fermer>
<consigne><![CDATA[<b>Ecoutez l'histoire de Europe,<br/>déesse grecque et cliquez sur<br/>les images.</b>]]></consigne>
<texte num="1"><![CDATA[<b>Monnaie grecque de 2 euros</b>]]></texte>
<texte num="2"><![CDATA[]]></texte>

<texte num="3"><![CDATA[<b>Europe sur le taureau</b>]]></texte>
<texte num="4"><![CDATA[R.M.N./H. Lewandowski<br/>vers 470-450 avant J.-C.<br/><br/>http://cartelfr.louvre.fr/cartelfr/visite?srv=car_not_frame&idNotice=6793]]></texte>

<texte num="5"><![CDATA[<b>Europe sur le taureau</b>]]></texte>
<texte num="6"><![CDATA[Terre cuite d'Athènes , 480-460 av J.C.<br/>Staatliche Antikensammlung]]></texte>

<texte num="7"><![CDATA[<b>L'Enlèvement d'Europe</b>]]></texte>
<texte num="8"><![CDATA[Gustave Moreau]]></texte>

</root>